transaction_id,sender_account_type,receiver_account_type,transaction_amount_usd,transaction_frequency_30d,avg_daily_balance_30d,is_international,transaction_hour,ip_country_match,num_flagged_transactions_sender_90d,is_laundering
TXN00000,Personal,Business,1431.61,1,1539.34,1,14,1,0,0.0
TXN00001,Business,Personal,147.97,29,23040.95,0,17,0,1,0.0
TXN00002,Personal,Personal,1939.72,45,18709.68,0,3,0,3,0.0
TXN00003,Personal,Personal,2740.45,49,133679.07,0,22,0,0,0.0
TXN00004,Personal,Personal,2539.41,35,29759.4,0,7,0,3,0.0
TXN00005,Business,Personal,5547.88,40,400.95,1,14,0,1,0.0
TXN00006,Personal,Business,3831.01,14,66429.42,0,2,0,2,0.0
TXN00007,Personal,Personal,2183.69,35,1100.89,1,14,0,1,0.0
TXN00008,Personal,Business,987.08,48,3759.56,1,12,0,1,0.0
TXN00009,Business,Business,90.79,45,13365.08,1,8,1,1,0.0
TXN00010,Personal,Personal,2088.97,20,438596.43,0,1,0,4,0.0
TXN00011,Personal,Personal,1497.47,49,4072783.02,1,23,0,3,0.0
TXN00012,Personal,Business,1648.08,13,27267.37,0,7,1,3,0.0
TXN00013,Personal,Personal,161.56,38,5617.3,0,19,0,3,0.0
TXN00014,Business,Personal,216.68,49,23600.22,0,16,1,4,0.0
TXN00015,Personal,Business,5322.66,46,47825.34,1,12,0,2,0.0
TXN00016,Business,Business,1033.46,49,4266.99,0,0,1,1,0.0
TXN00017,Business,Personal,3048.03,8,293731.9,0,1,1,2,0.0
TXN00018,Business,Business,1144.22,43,12837.7,0,14,0,4,0.0
TXN00019,Personal,Personal,1146.69,20,21927.27,1,11,1,3,0.0
TXN00020,Business,Personal,4480.21,33,30694.8,1,13,0,1,0.0
TXN00021,Personal,Personal,505.69,26,18829.37,1,1,0,0,0.0
TXN00022,Business,Business,1266.71,39,43385.52,0,17,0,0,0.0
TXN00023,Business,Business,548.17,21,2357.82,1,21,0,2,0.0
TXN00024,Business,Business,571.49,49,2652.87,0,6,1,3,0.0
TXN00025,Business,Business,804427.83,3,897.57,1,22,0,0,1.0
TXN00026,Business,Business,1530.27,43,19516.24,1,5,1,2,0.0
TXN00027,Business,Personal,534.79,41,38479.2,0,13,1,4,0.0
TXN00028,Business,Personal,7212.96,9,20242.62,1,7,0,2,0.0
TXN00029,Business,Personal,286.6,24,230725.71,0,21,0,2,0.0
TXN00030,Personal,Personal,866031.52,1,8012.9,1,1,0,0,1.0
TXN00031,Personal,Business,567.03,49,30868.25,0,16,0,1,0.0
TXN00032,Business,Personal,9609.11,41,912.87,0,4,1,2,0.0
TXN00033,Business,Business,1472.67,17,3736.11,0,13,0,2,0.0
TXN00034,Business,Personal,5155.23,24,32567.68,0,23,1,1,0.0
TXN00035,Personal,Business,118.12,21,44276.27,0,19,0,1,0.0
TXN00036,Business,Business,1636.93,39,4501.05,1,20,0,4,0.0
TXN00037,Personal,Personal,4164.89,41,7021.99,0,20,0,3,0.0
TXN00038,Personal,Personal,1240.69,39,389.26,1,21,0,0,0.0
TXN00039,Personal,Personal,5422.0,13,3967.7,1,2,1,0,0.0
TXN00040,Personal,Personal,504.75,11,48086.96,1,4,1,2,0.0
TXN00041,Personal,Business,9081.74,46,25601.6,0,15,0,4,0.0
TXN00042,Business,Personal,34487.33,19,22055.81,0,17,1,2,0.0
TXN00043,Business,Personal,636.35,11,8951.24,0,16,1,0,0.0
TXN00044,Business,Business,562.14,13,8218.36,1,10,0,1,0.0
TXN00045,Business,Personal,9701.9,46,2163.23,0,16,0,3,0.0
TXN00046,Business,Personal,11723.59,45,32782.72,0,15,1,4,0.0
TXN00047,Personal,Personal,500.55,1,18806.28,1,22,1,1,0.0
TXN00048,Business,Personal,583.89,40,21677.66,1,1,1,3,0.0
TXN00049,Business,Personal,718.61,44,2829.71,1,3,1,4,0.0
TXN00050,Personal,Business,145.96,19,109.21,1,20,0,4,0.0
TXN00051,Business,Personal,276.45,12,72715.18,1,6,0,0,0.0
TXN00052,Personal,Personal,243.18,8,3109.84,1,1,1,1,0.0
TXN00053,Business,Personal,346.65,8,1442.96,0,5,0,4,0.0
TXN00054,Personal,Personal,1041.04,45,32433.85,1,16,1,4,0.0
TXN00055,Business,Personal,1558.26,12,3699.58,0,6,1,3,0.0
TXN00056,Business,Business,11223.34,48,67499.32,0,4,0,0,0.0
TXN00057,Personal,Personal,245.3,33,27833.95,0,4,1,2,0.0
TXN00058,Personal,Business,4800.54,45,31797.36,1,19,1,0,0.0
TXN00059,Personal,Business,795.54,26,527.47,0,15,0,2,0.0
TXN00060,Personal,Personal,1018.21,39,91481.13,1,18,0,1,0.0
TXN00061,Personal,Personal,3017.64,28,13663.74,1,8,1,1,0.0
TXN00062,Personal,Personal,203.55,5,3871.69,0,4,1,4,0.0
TXN00063,Personal,Personal,1946.16,8,10794.34,1,7,0,1,0.0
TXN00064,Personal,Business,1407.65,25,232.18,0,8,1,4,0.0
TXN00065,Business,Personal,2295.43,27,18348.55,0,4,1,0,0.0
TXN00066,Business,Personal,1692.15,46,1034.07,1,9,0,1,0.0
TXN00067,Personal,Personal,43606.01,23,541.67,0,1,0,0,0.0
TXN00068,Business,Personal,421.32,30,385.79,0,8,0,0,0.0
TXN00069,Business,Personal,494.48,45,75010.0,0,10,0,1,0.0
TXN00070,Business,Personal,430.65,47,2301.86,1,3,0,0,0.0
TXN00071,Business,Business,476.65,23,174112.24,0,21,0,1,0.0
TXN00072,Personal,Business,421.54,49,2774.98,1,21,1,1,0.0
TXN00073,Business,Personal,6525.84,47,266.48,1,21,1,1,0.0
TXN00074,Personal,Personal,9235.0,20,868.66,0,1,0,2,0.0
TXN00075,Business,Personal,465.86,18,95953.91,0,22,0,0,0.0
TXN00076,Business,Business,314.65,18,5932.52,1,5,1,3,0.0
TXN00077,Business,Personal,2224.13,2,2706.54,1,13,1,1,0.0
TXN00078,Personal,Business,478.98,4,11159.39,0,0,1,0,0.0
TXN00079,Business,Personal,2833.87,30,22105.14,0,17,0,4,0.0
TXN00080,Personal,Personal,1486.8,33,75720.0,1,6,0,1,0.0
TXN00081,Business,Personal,112.89,36,146825.26,1,0,1,1,0.0
TXN00082,Personal,Personal,11173.03,18,3946.02,1,0,0,3,0.0
TXN00083,Business,Business,16217.02,37,571.29,1,0,0,2,0.0
TXN00084,Personal,Business,437.39,19,3544.21,1,23,0,2,0.0
TXN00085,Personal,Personal,613.05,47,13637.26,0,3,1,1,0.0
TXN00086,Business,Personal,1683.78,28,1179.07,1,3,1,0,0.0
TXN00087,Personal,Business,1811.09,40,1194.76,1,17,0,4,0.0
TXN00088,Business,Business,2944.86,20,16116.13,0,10,0,4,0.0
TXN00089,Business,Business,901443.88,3,7351.76,1,0,0,0,1.0
TXN00090,Business,Business,840.99,33,8652.42,1,9,0,1,0.0
TXN00091,Business,Personal,331.14,12,1777.58,1,8,0,4,0.0
TXN00092,Business,Business,138.52,15,5111.25,0,22,1,2,0.0
TXN00093,Business,Personal,366.36,41,1276.06,1,3,0,0,0.0
TXN00094,Business,Business,1043.47,39,48069.2,1,5,0,3,0.0
TXN00095,Business,Business,16184.95,2,64247.54,0,15,0,1,0.0
TXN00096,Business,Business,504.51,29,201.87,1,1,1,0,0.0
TXN00097,Business,Business,1534.07,41,1262.66,0,22,1,4,0.0
TXN00098,Business,Business,1069.95,10,406.24,0,17,0,1,0.0
TXN00099,Personal,Personal,6519.74,2,2208.24,0,9,1,2,0.0
TXN00100,Personal,Personal,48552.39,11,6857.68,0,23,1,1,0.0
TXN00101,Business,Business,494.57,13,446.17,1,23,1,1,0.0
TXN00102,Business,Business,526.28,10,1282.13,0,16,1,2,0.0
TXN00103,Business,Personal,5251.35,14,1087.99,1,12,1,2,0.0
TXN00104,Business,Business,3049.82,18,12265.36,1,23,1,1,0.0
TXN00105,Business,Business,17501.83,9,9308.55,1,17,0,2,0.0
TXN00106,Business,Personal,2633.03,39,1913.19,1,21,1,0,0.0
TXN00107,Business,Business,639.74,28,11540.78,1,12,1,2,0.0
TXN00108,Business,Business,2659.74,3,2715.25,0,16,0,2,0.0
TXN00109,Personal,Personal,5785.18,20,4706.45,0,4,0,1,0.0
TXN00110,Business,Personal,3754.55,6,230246.14,0,10,0,0,0.0
TXN00111,Personal,Personal,2347.04,27,118293.26,0,6,0,3,0.0
TXN00112,Business,Business,5431.72,2,602.35,1,9,1,3,0.0
TXN00113,Business,Personal,6335.62,29,42593.84,0,16,1,4,0.0
TXN00114,Personal,Personal,8718.81,38,41060.14,1,14,1,2,0.0
TXN00115,Business,Personal,2901.74,3,815.23,1,17,1,2,0.0
TXN00116,Personal,Personal,853.48,16,41670.77,0,22,0,0,0.0
TXN00117,Business,Personal,1366.59,30,175582.42,0,21,1,3,0.0
TXN00118,Business,Personal,6699.33,40,858.26,0,18,1,4,0.0
TXN00119,Personal,Business,322.01,2,1293.35,0,1,0,0,0.0
TXN00120,Business,Business,1906.47,17,62026.87,1,3,1,2,0.0
TXN00121,Personal,Personal,607.89,41,13946.59,1,2,1,3,0.0
TXN00122,Business,Personal,1144.95,12,24414.99,0,6,1,4,0.0
TXN00123,Personal,Personal,7462.74,35,16013.36,1,23,1,1,0.0
TXN00124,Personal,Business,1460.67,43,17701.27,1,17,0,3,0.0
TXN00125,Business,Business,1175.74,1,570.81,1,9,0,4,0.0
TXN00126,Business,Business,142.62,45,65817.13,0,6,0,0,0.0
TXN00127,Personal,Business,3358.94,15,84051.08,1,7,0,1,0.0
TXN00128,Business,Business,2887.73,26,5121.58,0,5,0,4,0.0
TXN00129,Business,Business,28138.16,37,7428.25,0,21,1,4,0.0
TXN00130,Business,Business,691.13,21,379.09,1,0,1,2,0.0
TXN00131,Personal,Business,1523.44,49,22663.47,1,3,0,3,0.0
TXN00132,Personal,Business,1594.12,31,25440.94,0,13,0,2,0.0
TXN00133,Personal,Personal,11686.39,25,7155.37,1,16,0,1,0.0
TXN00134,Personal,Personal,950.57,23,76780.56,1,19,1,4,0.0
TXN00135,Personal,Personal,1666.59,24,4154.08,0,17,0,2,0.0
TXN00136,Personal,Personal,2729.42,38,25064.6,0,10,1,3,0.0
TXN00137,Personal,Business,1450.86,28,1054.34,0,20,1,1,0.0
TXN00138,Personal,Business,561.35,21,7730.24,0,13,1,0,0.0
TXN00139,Personal,Personal,1467.24,43,5717.53,1,8,1,2,0.0
TXN00140,Business,Business,5488.71,18,12715.99,1,14,0,1,0.0
TXN00141,Personal,Personal,235.15,36,3869.75,0,11,1,0,0.0
TXN00142,Business,Business,1338.7,35,6229.52,0,9,1,2,0.0
TXN00143,Business,Personal,383.68,45,42281.05,0,18,0,1,0.0
TXN00144,Business,Business,6585.13,9,3382.84,1,23,1,1,0.0
TXN00145,Personal,Business,111.63,38,325.98,0,18,1,2,0.0
TXN00146,Personal,Personal,474.19,30,268114.07,1,5,1,1,0.0
TXN00147,Personal,Business,1931.05,44,128400.32,0,19,0,4,0.0
TXN00148,Personal,Personal,11479.13,34,611.23,0,23,1,2,0.0
TXN00149,Business,Personal,993.64,32,32190.14,0,5,1,1,0.0
TXN00150,Personal,Personal,476.85,3,2963.28,1,7,0,0,0.0
TXN00151,Personal,Personal,18430.01,3,13725.0,1,0,0,0,0.0
TXN00152,Personal,Business,124.96,28,14595.2,1,21,1,4,0.0
TXN00153,Personal,Business,40.52,44,5070.45,0,16,1,2,0.0
TXN00154,Personal,Business,2121.8,15,1689.97,1,16,0,1,0.0
TXN00155,Business,Personal,516.42,41,2036.36,1,23,1,1,0.0
TXN00156,Personal,Business,237.02,23,1296.75,0,14,0,0,0.0
TXN00157,Business,Personal,3173.32,40,1535.11,0,6,1,4,0.0
TXN00158,Personal,Business,1580.82,11,7084.35,1,18,0,0,0.0
TXN00159,Business,Business,470.54,48,1936.2,1,21,1,0,0.0
TXN00160,Personal,Business,160.7,32,31701.02,1,22,0,4,0.0
TXN00161,Personal,Personal,4058.98,36,158655.79,1,2,0,2,0.0
TXN00162,Business,Business,2908.24,33,2539.93,0,21,0,1,0.0
TXN00163,Business,Business,945.05,24,13079.6,0,10,0,2,0.0
TXN00164,Business,Personal,17499.99,39,22012.6,0,19,0,3,0.0
TXN00165,Personal,Business,220.27,34,20826.98,1,18,1,3,0.0
TXN00166,Business,Personal,111.24,28,9432.44,1,8,1,3,0.0
TXN00167,Personal,Business,388.44,37,35787.89,0,9,0,4,0.0
TXN00168,Personal,Personal,1024.15,7,21258.2,0,1,1,0,0.0
TXN00169,Business,Personal,1579.73,4,681.76,1,0,1,2,0.0
TXN00170,Business,Business,763.68,37,46088.2,1,15,1,1,0.0
TXN00171,Personal,Personal,1859.54,1,47790.48,0,17,1,3,0.0
TXN00172,Personal,Personal,167.79,1,1760.63,0,22,1,2,0.0
TXN00173,Business,Personal,9562.91,47,8741.84,0,16,1,3,0.0
TXN00174,Business,Personal,969.49,20,31782.08,1,5,0,3,0.0
TXN00175,Business,Personal,5860.23,19,5331.42,1,13,1,1,0.0
TXN00176,Personal,Personal,1833.69,29,69283.09,1,22,1,4,0.0
TXN00177,Personal,Business,2175.75,10,915975.58,1,14,1,0,0.0
TXN00178,Personal,Personal,2577.7,18,1682.49,1,13,0,4,0.0
TXN00179,Personal,Personal,2146.43,28,511.79,1,23,1,2,0.0
TXN00180,Personal,Business,2875.79,35,14877.97,0,21,1,4,0.0
TXN00181,Personal,Business,8052.43,43,34307.7,0,2,1,2,0.0
TXN00182,Business,Business,1472.6,47,5106.49,1,23,0,2,0.0
TXN00183,Personal,Business,3176.41,31,148230.14,0,22,1,0,0.0
TXN00184,Personal,Business,958.53,27,557.12,1,18,0,1,0.0
TXN00185,Personal,Business,9510.73,11,32397.52,0,11,1,0,0.0
TXN00186,Business,Business,397.59,49,2412.16,1,1,0,4,0.0
TXN00187,Personal,Personal,16340.64,49,252396.32,0,2,0,2,0.0
TXN00188,Personal,Personal,1032.53,38,435840.1,0,17,0,3,0.0
TXN00189,Business,Business,128.23,5,1748.8,1,0,1,3,0.0
TXN00190,Personal,Personal,1328.97,8,2699.67,1,19,0,2,0.0
TXN00191,Personal,Personal,394.82,34,45214.62,0,20,0,0,0.0
TXN00192,Personal,Personal,3869.83,48,3735.88,0,5,0,1,0.0
TXN00193,Personal,Business,412.02,12,7399.57,1,4,0,0,0.0
TXN00194,Personal,Business,561.56,38,8525.16,0,0,1,2,0.0
TXN00195,Business,Personal,64.44,1,174.28,1,18,1,2,0.0
TXN00196,Business,Business,556.43,31,7881.9,1,0,1,1,0.0
TXN00197,Business,Personal,28.91,4,2039.67,0,20,1,4,0.0
TXN00198,Personal,Personal,101.92,49,3022.24,1,20,0,4,0.0
TXN00199,Personal,Personal,3431.05,45,145402.93,0,15,1,1,0.0
TXN00200,Personal,Personal,3564.22,5,656.54,0,11,0,4,0.0
TXN00201,Business,Business,2075.98,30,41208.93,1,21,1,3,0.0
TXN00202,Personal,Business,257.12,24,4638.17,0,7,1,4,0.0
TXN00203,Personal,Business,1020.89,3,4630.78,1,15,1,4,0.0
TXN00204,Business,Personal,1090.72,11,39369.39,1,0,0,4,0.0
TXN00205,Personal,Business,192.95,45,15996.14,1,3,1,3,0.0
TXN00206,Business,Personal,10457.74,4,25367.55,0,9,1,4,0.0
TXN00207,Business,Business,4088.95,26,56182.99,1,10,1,3,0.0
TXN00208,Business,Personal,787.26,27,4177.14,0,16,0,1,0.0
TXN00209,Personal,Personal,1141.76,46,2381.6,1,22,1,0,0.0
TXN00210,Personal,Personal,1499.03,43,924.91,1,6,1,1,0.0
TXN00211,Personal,Business,51.28,27,1554.92,1,11,0,0,0.0
TXN00212,Personal,Business,756.9,42,2952576.84,0,20,0,1,0.0
TXN00213,Personal,Business,394.27,6,97670.92,0,6,1,0,0.0
TXN00214,Personal,Business,244.1,15,543.4,1,11,1,0,0.0
TXN00215,Personal,Personal,719.35,30,575.41,1,14,1,2,0.0
TXN00216,Business,Business,16261.08,42,21241.93,0,1,0,0,0.0
TXN00217,Personal,Business,2867.7,37,24210.21,0,13,0,0,0.0
TXN00218,Business,Personal,465.56,37,24288.73,0,12,0,2,0.0
TXN00219,Personal,Personal,2588.6,42,4866.3,1,3,1,4,0.0
TXN00220,Personal,Personal,8946.64,37,6304.96,0,13,0,4,0.0
TXN00221,Personal,Business,4389.41,35,15611.44,1,13,1,2,0.0
TXN00222,Business,Personal,1199.24,23,9621.79,0,15,0,3,0.0
TXN00223,Business,Personal,179.9,109,56.5,1,6,0,0,1.0
TXN00224,Business,Personal,3125.45,4,5117.39,1,18,0,0,0.0
TXN00225,Business,Business,1978.76,18,1476.14,1,1,1,2,0.0
TXN00226,Personal,Personal,4199.79,9,11503.69,0,9,1,2,0.0
TXN00227,Business,Business,2843.41,49,3174047.06,0,17,1,3,0.0
TXN00228,Personal,Business,900010.19,1,16898.22,1,16,0,0,1.0
TXN00229,Personal,Personal,491.35,13,4328.35,1,4,0,1,0.0
TXN00230,Business,Personal,7911.65,47,51205.54,1,11,1,4,0.0
TXN00231,Business,Business,1474.98,17,21276.87,0,5,0,0,0.0
TXN00232,Business,Personal,24658.85,45,18773.26,1,21,1,2,0.0
TXN00233,Business,Personal,390.03,32,27274.33,1,8,1,3,0.0
TXN00234,Business,Business,14823.15,48,495383.32,1,19,0,4,0.0
TXN00235,Business,Business,1475.67,22,844.06,0,0,0,3,0.0
TXN00236,Business,Personal,412.76,4,20894.98,1,21,1,4,0.0
TXN00237,Business,Business,530.69,5,1270.59,0,14,1,0,0.0
TXN00238,Personal,Personal,678.22,37,24612.88,0,20,0,1,0.0
TXN00239,Business,Personal,2071.96,41,1290.3,0,5,0,3,0.0
TXN00240,Business,Personal,2402.47,49,3516.66,0,18,0,3,0.0
TXN00241,Personal,Business,463.8,13,4490.95,0,17,0,1,0.0
TXN00242,Business,Personal,1057.29,34,57047.15,1,5,0,3,0.0
TXN00243,Personal,Personal,27266.27,45,50863.91,0,12,1,3,0.0
TXN00244,Personal,Personal,14637.1,22,670.86,0,0,1,4,0.0
TXN00245,Business,Business,2110.09,23,9044.1,0,22,1,4,0.0
TXN00246,Personal,Business,1160.96,3,1960.28,1,22,1,1,0.0
TXN00247,Personal,Business,1312.97,42,653.92,1,12,0,0,0.0
TXN00248,Personal,Business,2752.53,34,5249.91,1,6,0,3,0.0
TXN00249,Personal,Business,236.47,32,4372.26,1,14,0,0,0.0
TXN00250,Business,Personal,745.41,45,1038650.65,0,11,1,1,0.0
TXN00251,Personal,Business,89.76,49,19262.58,0,0,0,1,0.0
TXN00252,Business,Business,1995.87,21,515.31,1,14,0,4,0.0
TXN00253,Personal,Business,2895.15,46,2618.75,1,3,1,3,0.0
TXN00254,Personal,Personal,531.24,44,62490.3,1,12,1,2,0.0
TXN00255,Personal,Business,11625.78,21,528017.94,1,22,1,1,0.0
TXN00256,Personal,Business,174.4,44,339.69,0,4,0,3,0.0
TXN00257,Business,Personal,121.93,11,188.7,1,1,0,0,0.0
TXN00258,Business,Business,1535.6,39,341782.67,1,22,1,4,0.0
TXN00259,Personal,Personal,5274.54,4,17663.02,1,0,1,0,0.0
TXN00260,Personal,Personal,13710.15,1,1427.12,1,15,0,1,0.0
TXN00261,Business,Personal,550.97,28,23606.05,1,22,1,1,0.0
TXN00262,Personal,Personal,5530.43,24,41.62,1,5,0,0,0.0
TXN00263,Personal,Personal,1035.08,35,8157.97,1,22,1,1,0.0
TXN00264,Personal,Business,846.46,13,15609.61,0,15,1,3,0.0
TXN00265,Business,Personal,4127.76,47,51458.98,0,13,1,1,0.0
TXN00266,Business,Personal,2917.51,34,1066.58,0,2,0,4,0.0
TXN00267,Business,Business,103.07,11,9617.83,0,14,0,3,0.0
TXN00268,Personal,Personal,10044.8,36,1273.02,0,2,1,2,0.0
TXN00269,Personal,Business,8691.81,17,13504.36,0,22,0,1,0.0
TXN00270,Business,Business,429.09,35,1351.96,1,1,1,1,0.0
TXN00271,Business,Business,1985.66,18,3582.44,1,0,1,4,0.0
TXN00272,Business,Personal,2300.88,40,1105.85,0,8,0,4,0.0
TXN00273,Business,Personal,1621.34,22,29800.26,1,8,0,0,0.0
TXN00274,Personal,Personal,480.36,24,45111.94,0,22,0,0,0.0
TXN00275,Business,Business,400.44,19,5068.29,1,6,0,0,0.0
TXN00276,Personal,Personal,1055.39,37,8747.09,1,2,1,4,0.0
TXN00277,Business,Personal,6368.34,39,447.12,1,17,0,0,0.0
TXN00278,Personal,Personal,2478.48,21,4449.94,1,10,0,0,0.0
TXN00279,Business,Business,628.97,8,7328.97,1,6,1,2,0.0
TXN00280,Business,Business,3489.62,28,1531236.57,1,8,1,0,0.0
TXN00281,Business,Personal,519867.2,1,876.61,1,0,0,0,1.0
TXN00282,Business,Personal,6143.49,17,151502.06,0,13,1,4,0.0
TXN00283,Personal,Personal,80.68,37,59499.16,1,19,0,3,0.0
TXN00284,Business,Personal,636.73,36,14203.91,0,5,0,2,0.0
TXN00285,Personal,Business,204.49,19,273003.79,1,6,1,4,0.0
TXN00286,Personal,Business,157.27,27,17055.21,0,9,1,4,0.0
TXN00287,Personal,Business,6255.65,34,17646.95,1,6,0,1,0.0
TXN00288,Personal,Business,543.73,11,7286.35,0,1,0,0,0.0
TXN00289,Business,Personal,1844.12,45,93632.96,1,3,0,1,0.0
TXN00290,Personal,Personal,1022.1,47,72615.85,0,20,0,0,0.0
TXN00291,Personal,Personal,2242.98,12,2318.43,1,16,0,0,0.0
TXN00292,Personal,Business,1230.57,21,579.12,0,0,1,4,0.0
TXN00293,Business,Personal,160.05,11,5399.38,1,9,1,0,0.0
TXN00294,Business,Business,4887.32,39,1635.86,1,18,1,2,0.0
TXN00295,Business,Business,522.89,28,7136.31,1,14,1,2,0.0
TXN00296,Business,Personal,106.18,5,96266.56,0,9,0,2,0.0
TXN00297,Personal,Personal,576.99,17,3246.71,0,18,1,4,0.0
TXN00298,Personal,Personal,10416.43,20,7437.97,0,11,0,1,0.0
TXN00299,Business,Business,3925.83,41,9100.14,1,23,0,3,0.0
TXN00300,Personal,Personal,650.03,46,44216.87,0,15,0,0,0.0
TXN00301,Personal,Business,649.44,12,90.58,1,8,0,3,0.0
TXN00302,Personal,Personal,676.92,6,2408.11,0,14,0,1,0.0
TXN00303,Business,Business,24713.92,17,12364.29,0,16,0,1,0.0
TXN00304,Business,Business,1944.78,19,89335.83,0,13,0,4,0.0
TXN00305,Personal,Personal,2090.3,26,3029.63,0,17,1,2,0.0
TXN00306,Business,Business,5143.17,48,189.98,1,1,0,2,0.0
TXN00307,Business,Business,1568.98,44,27984.97,0,3,1,1,0.0
TXN00308,Business,Personal,743.55,44,2273.95,0,17,1,4,0.0
TXN00309,Business,Business,816.87,32,750.45,1,6,0,4,0.0
TXN00310,Business,Personal,984.96,6,2324.61,1,12,0,0,0.0
TXN00311,Personal,Business,1037.08,36,5602.39,0,14,1,2,0.0
TXN00312,Business,Personal,3266.4,38,2417.55,0,22,1,1,0.0
TXN00313,Personal,Personal,1185.5,11,98.38,1,21,1,3,0.0
TXN00314,Personal,Business,3291.04,33,48734.01,1,0,1,2,0.0
TXN00315,Business,Business,971.58,24,103751.1,1,10,0,0,0.0
TXN00316,Personal,Business,1233.92,23,29823.26,0,9,0,4,0.0
TXN00317,Personal,Business,54.75,15,832.66,0,4,0,1,0.0
TXN00318,Personal,Business,4335.06,27,5415.48,0,15,1,2,0.0
TXN00319,Business,Personal,1844.07,11,7998.08,1,10,0,3,0.0
TXN00320,Business,Business,4900.12,17,26838.39,1,20,1,0,0.0
TXN00321,Personal,Personal,14.23,14,30843.49,1,5,0,0,0.0
TXN00322,Business,Personal,25148.71,27,1866.19,0,8,1,2,0.0
TXN00323,Business,Business,889.46,18,9547.08,1,12,0,3,0.0
TXN00324,Business,Personal,5780.67,28,20222.7,0,23,0,0,0.0
TXN00325,Business,Personal,230.47,47,148991.52,1,7,1,1,0.0
TXN00326,Personal,Personal,2749.46,47,33157.13,0,13,1,0,0.0
TXN00327,Personal,Personal,225.85,4,39265.96,0,23,1,3,0.0
TXN00328,Business,Business,430.24,7,9582.11,1,0,1,4,0.0
TXN00329,Business,Personal,19361.6,45,136069.12,0,16,1,4,0.0
TXN00330,Personal,Business,823.84,35,18389.32,1,23,0,2,0.0
TXN00331,Personal,Business,1519.52,48,1447.83,0,4,1,3,0.0
TXN00332,Business,Personal,4044.45,9,134153.5,1,1,0,0,0.0
TXN00333,Personal,Business,2306.58,8,32722.12,1,23,0,0,0.0
TXN00334,Business,Business,1374.2,45,3340.62,0,8,0,4,0.0
TXN00335,Business,Business,1895.89,17,3105.76,1,3,0,4,0.0
TXN00336,Personal,Personal,40340.99,17,14664.0,0,16,0,1,0.0
TXN00337,Personal,Business,1005.83,49,20462.92,1,16,1,4,0.0
TXN00338,Business,Business,1482.74,33,12023.09,1,20,1,1,0.0
TXN00339,Business,Business,5302.75,32,15102.53,1,17,0,0,0.0
TXN00340,Personal,Personal,5757.67,8,242780.92,1,15,0,1,0.0
TXN00341,Business,Business,6506.43,19,69084.54,0,7,1,1,0.0
TXN00342,Personal,Personal,2858.62,38,11864.09,1,10,1,2,0.0
TXN00343,Business,Personal,197.45,3,53242.98,1,20,0,4,0.0
TXN00344,Personal,Personal,12710.04,5,1027.57,0,20,1,1,0.0
TXN00345,Personal,Personal,196.46,13,17959.13,0,17,1,0,0.0
TXN00346,Personal,Personal,1726.68,47,302130.01,0,22,1,3,0.0
TXN00347,Business,Personal,353.75,46,5239.12,0,23,0,1,0.0
TXN00348,Business,Personal,599.77,115,306.17,1,9,1,4,1.0
TXN00349,Personal,Personal,1795.69,16,2199.14,0,12,0,2,0.0
TXN00350,Business,Business,1775.85,32,916.66,1,16,0,0,0.0
TXN00351,Personal,Business,2064.99,22,1686.61,0,17,0,2,0.0
TXN00352,Personal,Personal,12339.58,29,3862.17,1,9,0,3,0.0
TXN00353,Business,Business,2165.27,22,487.29,0,15,0,1,0.0
TXN00354,Business,Business,760.34,43,8360.19,1,19,1,1,0.0
TXN00355,Personal,Business,4657.02,3,49244.57,1,4,0,4,0.0
TXN00356,Business,Business,6530.28,10,1318.81,1,12,0,1,0.0
TXN00357,Business,Personal,173.92,42,169154.51,0,17,0,0,0.0
TXN00358,Personal,Business,2686.78,21,22507.06,0,16,1,3,0.0
TXN00359,Personal,Personal,3139.31,16,63650.42,0,8,1,2,0.0
TXN00360,Business,Business,701.8,12,2174.01,0,13,1,3,0.0
TXN00361,Personal,Business,8634.84,2,44759.12,1,16,1,1,0.0
TXN00362,Personal,Personal,875.61,41,912.45,0,3,1,2,0.0
TXN00363,Business,Business,1323.94,24,48073.92,1,17,1,4,0.0
TXN00364,Personal,Business,845.89,35,11426.36,1,19,1,3,0.0
TXN00365,Personal,Business,1122.56,30,24501.81,0,23,0,2,0.0
TXN00366,Business,Personal,211.79,30,771.87,0,23,0,2,0.0
TXN00367,Business,Business,126.46,47,1352.7,0,14,1,2,0.0
TXN00368,Personal,Personal,11989.15,35,26754.46,1,10,0,0,0.0
TXN00369,Personal,Business,307.83,19,1215.98,0,11,0,3,0.0
TXN00370,Business,Personal,247.87,8,20463.8,1,8,1,2,0.0
TXN00371,Business,Personal,43.38,26,526.22,0,12,0,3,0.0
TXN00372,Business,Business,420.55,49,44194.18,1,14,0,2,0.0
TXN00373,Business,Business,150.71,40,688.8,0,14,1,4,0.0
TXN00374,Personal,Personal,12874.74,7,24455.24,0,4,0,4,0.0
TXN00375,Business,Personal,4987.68,30,28318.25,1,22,1,4,0.0
TXN00376,Business,Business,390.64,7,2011.14,0,18,1,1,0.0
TXN00377,Personal,Personal,32165.63,3,25953.28,0,19,0,2,0.0
TXN00378,Business,Business,4782.16,1,13641.67,0,13,0,1,0.0
TXN00379,Personal,Business,673.68,36,2758.15,0,16,0,3,0.0
TXN00380,Business,Business,25.81,25,1078.03,0,17,1,1,0.0
TXN00381,Business,Business,34078.22,37,159.93,0,20,1,3,0.0
TXN00382,Business,Personal,136.41,1,16306.19,0,2,1,3,0.0
TXN00383,Personal,Business,92.94,15,354.39,1,1,0,3,0.0
TXN00384,Personal,Personal,5084.01,37,9805.4,1,0,0,1,0.0
TXN00385,Business,Business,42600.81,13,4784.34,0,9,1,2,0.0
TXN00386,Personal,Personal,8746.5,40,31517.1,0,18,0,1,0.0
TXN00387,Personal,Business,2555.14,8,4428.91,0,16,0,2,0.0
TXN00388,Personal,Personal,2676.14,5,4192.72,1,11,1,2,0.0
TXN00389,Personal,Personal,3944.68,9,35022.34,1,0,1,3,0.0
TXN00390,Personal,Business,3423.41,1,15837.19,0,11,0,1,0.0
TXN00391,Personal,Business,1672.02,36,15249.65,1,16,1,2,0.0
TXN00392,Business,Business,1282.16,35,20713.38,0,23,0,4,0.0
TXN00393,Business,Business,998.36,2,375.72,0,2,1,2,0.0
TXN00394,Personal,Personal,353.91,40,36811.93,0,10,1,4,0.0
TXN00395,Business,Business,719.81,23,27582.52,0,16,1,1,0.0
TXN00396,Business,Personal,86.54,9,1060.65,1,22,0,1,0.0
TXN00397,Business,Personal,946.23,34,4973.3,1,2,0,1,0.0
TXN00398,Business,Business,248.92,46,7490.46,0,7,1,2,0.0
TXN00399,Personal,Personal,209.48,14,6191.96,1,19,1,0,0.0
TXN00400,Business,Personal,1436.32,4,15799.28,1,3,1,2,0.0
TXN00401,Business,Personal,8848.5,30,141879.53,0,20,0,2,0.0
TXN00402,Personal,Personal,4348.02,31,70511.67,1,21,1,3,0.0
TXN00403,Personal,Business,103.99,38,587.32,0,6,1,3,0.0
TXN00404,Business,Business,248.53,11,28117.29,0,13,1,2,0.0
TXN00405,Business,Business,4496.96,35,115597.16,0,13,1,4,0.0
TXN00406,Business,Business,251.2,8,17564.18,0,3,0,3,0.0
TXN00407,Business,Personal,782.94,3,71823.06,1,15,0,2,0.0
TXN00408,Business,Personal,2502.58,14,453404.93,0,23,1,0,0.0
TXN00409,Business,Business,256.59,13,62781.71,1,21,0,4,0.0
TXN00410,Personal,Business,1284.42,45,13341.27,0,0,0,1,0.0
TXN00411,Business,Business,148.26,32,65524.34,0,16,0,2,0.0
TXN00412,Business,Personal,444.94,34,10826.76,1,9,1,2,0.0
TXN00413,Personal,Business,1771.66,45,8499.87,0,21,0,4,0.0
TXN00414,Personal,Business,100.54,19,4012.51,1,15,0,3,0.0
TXN00415,Personal,Business,2123.27,38,184762.54,1,15,0,3,0.0
TXN00416,Personal,Personal,1064.8,16,1576.78,0,7,1,3,0.0
TXN00417,Business,Personal,2511.75,2,173639.3,0,6,1,1,0.0
TXN00418,Business,Personal,1534.36,40,22020.48,0,5,0,4,0.0
TXN00419,Business,Personal,8486.32,17,493.43,0,15,0,4,0.0
TXN00420,Business,Personal,1323.24,34,16903.88,0,19,1,3,0.0
TXN00421,Business,Personal,575.88,42,121.5,0,15,1,3,0.0
TXN00422,Business,Personal,1317.44,16,28311.29,1,6,0,0,0.0
TXN00423,Personal,Personal,2477.36,38,47594.05,1,8,0,0,0.0
TXN00424,Business,Business,1180.02,2,2478.2,0,13,1,2,0.0
TXN00425,Personal,Business,1165.48,2,10374.39,1,10,1,2,0.0
TXN00426,Personal,Personal,382.61,26,403654.61,1,13,0,4,0.0
TXN00427,Business,Personal,405.71,13,2946.89,0,6,1,4,0.0
TXN00428,Personal,Business,133.77,47,974.75,0,0,0,1,0.0
TXN00429,Business,Personal,412.05,108,194.89,1,12,0,1,1.0
TXN00430,Personal,Personal,169.73,34,410517.72,0,19,0,0,0.0
TXN00431,Business,Personal,387.86,39,8163.2,1,2,1,2,0.0
TXN00432,Personal,Business,701427.13,1,61262.68,1,19,0,0,1.0
TXN00433,Business,Business,4198.1,8,118533.61,1,3,0,0,0.0
TXN00434,Business,Business,704.56,23,1835.43,1,10,1,2,0.0
TXN00435,Business,Business,7126.77,14,3069.86,1,1,1,1,0.0
TXN00436,Business,Business,399.32,27,95011.1,1,13,0,2,0.0
TXN00437,Business,Personal,1666.52,29,235632.47,0,11,0,3,0.0
TXN00438,Personal,Business,313.24,39,24978.27,0,16,1,3,0.0
TXN00439,Personal,Personal,27384.26,39,1394.61,1,11,1,3,0.0
TXN00440,Personal,Personal,184.68,1,431111.58,1,11,1,4,0.0
TXN00441,Business,Business,1745.39,17,2801.91,0,0,0,1,0.0
TXN00442,Personal,Business,2837.46,41,4145.28,0,12,0,1,0.0
TXN00443,Business,Personal,2039.99,30,16069.46,1,13,0,4,0.0
TXN00444,Business,Personal,830.53,13,181374.79,1,23,1,0,0.0
TXN00445,Personal,Personal,902.59,21,44709.98,1,1,0,3,0.0
TXN00446,Personal,Business,1171.12,19,18577.96,1,11,1,3,0.0
TXN00447,Business,Business,879.63,19,20467.16,1,20,0,0,0.0
TXN00448,Personal,Business,4655.57,25,8839.89,0,15,1,2,0.0
TXN00449,Business,Business,30205.66,22,24742.53,1,3,0,2,0.0
TXN00450,Business,Business,475.21,31,51.46,0,7,0,1,0.0
TXN00451,Business,Personal,140.51,17,4477.34,0,1,1,4,0.0
TXN00452,Business,Business,960.62,23,13129.85,0,9,1,1,0.0
TXN00453,Business,Personal,52552.29,32,810.76,1,8,0,2,0.0
TXN00454,Personal,Personal,328.48,10,17547.15,0,22,1,0,0.0
TXN00455,Personal,Personal,12818.89,10,5383.3,0,14,1,1,0.0
TXN00456,Business,Business,13582.69,36,271292.1,0,12,0,3,0.0
TXN00457,Business,Business,478.0,8,188346.65,0,22,1,3,0.0
TXN00458,Personal,Business,2574.66,20,3191.96,1,16,0,0,0.0
TXN00459,Business,Personal,398.8,115,225.31,1,15,0,2,1.0
TXN00460,Business,Personal,620.99,14,6989.08,0,1,1,3,0.0
TXN00461,Personal,Personal,808.05,28,3283.55,0,19,1,3,0.0
TXN00462,Business,Personal,458.28,46,11968.7,1,19,0,4,0.0
TXN00463,Personal,Personal,239.34,24,1778.34,1,13,0,1,0.0
TXN00464,Business,Personal,414.09,15,844.52,1,2,0,2,0.0
TXN00465,Personal,Business,174.88,22,28153.37,0,22,0,1,0.0
TXN00466,Business,Business,1154.16,30,28539.92,1,11,0,2,0.0
TXN00467,Personal,Business,345.52,4,1621.92,0,7,0,3,0.0
TXN00468,Personal,Business,1557.25,13,48567.55,0,1,1,4,0.0
TXN00469,Business,Personal,106.29,23,2291.23,1,3,1,1,0.0
TXN00470,Personal,Personal,1801.4,8,13444.57,0,13,1,3,0.0
TXN00471,Business,Business,3828.75,18,41801.52,1,15,0,2,0.0
TXN00472,Personal,Personal,55.11,12,7576.26,0,18,1,1,0.0
TXN00473,Business,Business,1921.93,31,20120.25,1,1,0,1,0.0
TXN00474,Personal,Business,6915.38,14,2884.6,0,11,0,3,0.0
TXN00475,Business,Business,178.67,34,5470.18,0,13,1,1,0.0
TXN00476,Personal,Personal,13478.6,18,5368.38,1,5,0,4,0.0
TXN00477,Business,Business,2056.02,34,1820.46,1,12,0,4,0.0
TXN00478,Personal,Business,380.88,11,5689.92,1,3,0,3,0.0
TXN00479,Business,Business,1008.63,41,366.05,1,21,0,2,0.0
TXN00480,Business,Personal,2533.84,12,3034.17,0,17,0,3,0.0
TXN00481,Business,Personal,1229.06,49,4583.64,1,11,0,4,0.0
TXN00482,Personal,Business,2460.53,15,4854.4,1,19,1,0,0.0
TXN00483,Business,Personal,275.61,31,4999.06,0,21,0,0,0.0
TXN00484,Personal,Personal,1413.81,49,7161.48,1,20,0,1,0.0
TXN00485,Business,Personal,131.56,29,21139.17,1,18,0,1,0.0
TXN00486,Personal,Personal,928.12,26,46585.01,0,7,0,0,0.0
TXN00487,Business,Personal,282.63,18,2209.39,1,6,1,4,0.0
TXN00488,Personal,Personal,363.84,32,730.4,1,15,1,1,0.0
TXN00489,Personal,Personal,7003.32,22,1008.19,1,18,0,3,0.0
TXN00490,Business,Personal,5636.2,38,3058.24,1,5,0,3,0.0
TXN00491,Personal,Personal,2734.51,17,4008.44,1,19,0,4,0.0
TXN00492,Personal,Personal,213.05,23,1737.16,1,20,1,1,0.0
TXN00493,Business,Business,682.24,24,606.54,0,10,1,3,0.0
TXN00494,Personal,Business,6765.87,8,3254.38,1,4,1,1,0.0
TXN00495,Personal,Personal,1356.38,41,11647.57,0,15,1,1,0.0
TXN00496,Personal,Business,35560.63,6,26637.06,0,6,0,3,0.0
TXN00497,Business,Business,1978.27,5,2657.53,0,4,1,0,0.0
TXN00498,Personal,Personal,1462.75,44,3547.52,0,10,1,3,0.0
TXN00499,Business,Personal,689.75,29,1269.79,1,14,0,4,0.0
TXN00500,Personal,Personal,1339.85,28,7609.26,1,2,0,2,0.0
TXN00501,Personal,Business,872.44,11,1484.96,1,4,1,3,0.0
TXN00502,Personal,Business,3172.14,1,25495.46,0,22,1,1,0.0
TXN00503,Business,Personal,4605.72,43,227.75,1,20,1,1,0.0
TXN00504,Personal,Personal,337.31,19,3947.12,1,4,1,3,0.0
TXN00505,Personal,Personal,148.88,9,14797.52,1,8,0,2,0.0
TXN00506,Business,Business,69.8,27,11703.8,0,14,0,3,0.0
TXN00507,Personal,Business,2349.57,34,1769251.84,0,2,1,2,0.0
TXN00508,Business,Business,209.55,44,16311.08,1,5,1,2,0.0
TXN00509,Business,Business,43.41,4,1087.78,0,16,1,4,0.0
TXN00510,Personal,Personal,1964.25,36,6694.7,0,20,1,1,0.0
TXN00511,Business,Personal,46142.94,18,232.18,1,7,1,1,0.0
TXN00512,Personal,Personal,1086.69,15,6896.72,0,20,0,2,0.0
TXN00513,Business,Personal,3857.35,13,1531.32,0,10,0,1,0.0
TXN00514,Business,Business,1239.85,19,50553.15,1,5,0,0,0.0
TXN00515,Personal,Business,945.45,49,2699.76,0,7,1,2,0.0
TXN00516,Business,Personal,4352.97,6,6415.47,0,9,1,1,0.0
TXN00517,Business,Personal,315.43,83,86.61,1,23,0,0,1.0
TXN00518,Business,Business,1637.77,12,262420.3,0,2,0,4,0.0
TXN00519,Business,Personal,1776.76,37,4262.09,0,22,1,1,0.0
TXN00520,Business,Business,402.57,17,316511.26,0,13,0,0,0.0
TXN00521,Personal,Personal,4856.45,23,41287.02,0,22,1,3,0.0
TXN00522,Business,Personal,843.5,26,21250.45,0,13,1,3,0.0
TXN00523,Personal,Personal,352.97,29,16940.56,1,9,0,0,0.0
TXN00524,Business,Personal,2452.26,33,17811.41,1,11,0,2,0.0
TXN00525,Personal,Personal,284.95,27,171.51,1,5,0,2,0.0
TXN00526,Personal,Personal,1143.98,25,4638.9,1,11,1,1,0.0
TXN00527,Business,Personal,1081.73,10,43928.38,0,22,1,3,0.0
TXN00528,Business,Business,5590.61,47,7348.16,1,13,0,2,0.0
TXN00529,Business,Business,2235.11,23,487.66,1,1,1,2,0.0
TXN00530,Personal,Business,1056.23,21,7296.8,0,8,1,3,0.0
TXN00531,Business,Business,3739.28,21,244803.48,0,9,1,4,0.0
TXN00532,Personal,Business,8824.71,43,98104.0,0,16,0,2,0.0
TXN00533,Personal,Personal,2531.88,13,7158.04,0,16,1,0,0.0
TXN00534,Personal,Personal,1113.8,37,54333.62,0,2,0,1,0.0
TXN00535,Business,Business,153.28,33,3893.2,1,18,0,2,0.0
TXN00536,Business,Personal,221.92,24,268.34,0,0,1,2,0.0
TXN00537,Personal,Business,693.79,44,1275.47,1,11,0,4,0.0
TXN00538,Personal,Business,439.54,11,184568.79,1,6,1,0,0.0
TXN00539,Business,Personal,828.44,17,4684.5,0,3,0,1,0.0
TXN00540,Personal,Personal,1193.89,4,4980.23,1,9,0,2,0.0
TXN00541,Business,Personal,2427.31,47,4448.51,1,12,1,1,0.0
TXN00542,Personal,Business,986.59,25,365226.57,0,1,0,3,0.0
TXN00543,Business,Personal,2275.04,30,209382.46,1,9,0,2,0.0
TXN00544,Personal,Business,1207.99,9,685264.7,1,20,0,2,0.0
TXN00545,Business,Business,56.64,21,5895.29,1,21,1,3,0.0
TXN00546,Personal,Business,268.0,20,14636.14,0,3,1,4,0.0
TXN00547,Business,Personal,883.48,19,390.22,0,17,0,2,0.0
TXN00548,Business,Personal,178.66,19,155417.27,0,4,0,1,0.0
TXN00549,Personal,Business,2696.99,12,784.02,1,18,0,0,0.0
TXN00550,Personal,Personal,10895.73,37,12500.84,0,1,1,1,0.0
TXN00551,Business,Personal,6823.6,42,902.7,1,11,1,4,0.0
TXN00552,Personal,Personal,796.19,17,2495.55,0,16,0,0,0.0
TXN00553,Business,Business,10260.83,37,1518.5,1,9,1,1,0.0
TXN00554,Personal,Business,1370.6,48,2402.46,0,1,1,1,0.0
TXN00555,Business,Personal,661.41,39,2756.6,0,5,1,3,0.0
TXN00556,Business,Business,436.98,28,2706.64,1,7,1,4,0.0
TXN00557,Business,Personal,696.66,41,42901.75,0,18,0,3,0.0
TXN00558,Business,Personal,612.61,35,889.16,1,10,1,0,0.0
TXN00559,Business,Personal,1416.05,47,12595.35,0,11,1,3,0.0
TXN00560,Business,Personal,1395.29,48,92588.32,0,8,0,4,0.0
TXN00561,Personal,Business,1101.66,18,2903.31,1,1,0,2,0.0
TXN00562,Personal,Business,2112.04,14,1927.85,1,7,1,2,0.0
TXN00563,Personal,Business,6541.81,35,5109.98,1,10,1,0,0.0
TXN00564,Business,Personal,4556.6,44,85772.22,0,20,0,2,0.0
TXN00565,Business,Personal,118.23,41,11946.76,1,3,0,3,0.0
TXN00566,Business,Personal,23.79,7,2800.55,0,9,0,0,0.0
TXN00567,Business,Business,4453.65,41,21327.52,1,20,1,4,0.0
TXN00568,Personal,Personal,141.13,13,893.74,1,19,1,0,0.0
TXN00569,Personal,Business,782.78,18,31657.14,1,15,0,0,0.0
TXN00570,Business,Business,189.58,37,18346.88,1,7,1,1,0.0
TXN00571,Personal,Business,73.48,13,4378.16,1,3,0,1,0.0
TXN00572,Personal,Business,2470.55,36,1514.48,1,9,1,0,0.0
TXN00573,Business,Business,3424.58,31,1375.59,0,11,0,2,0.0
TXN00574,Business,Personal,326.07,105,98.25,1,13,0,1,1.0
TXN00575,Business,Personal,22.5,16,94651.88,0,15,1,4,0.0
TXN00576,Personal,Personal,483.3,9,2265.12,1,21,1,3,0.0
TXN00577,Business,Business,1973.78,9,20267.49,1,17,1,1,0.0
TXN00578,Business,Business,119.3,38,124.7,1,20,1,0,0.0
TXN00579,Business,Personal,1443.81,11,2516.85,0,21,1,2,0.0
TXN00580,Business,Business,1071.74,22,7615.05,0,20,1,3,0.0
TXN00581,Personal,Business,2614.79,33,1313.74,1,11,0,1,0.0
TXN00582,Business,Personal,1312.08,36,1245.12,0,17,1,2,0.0
TXN00583,Business,Business,254.78,45,2131.2,1,6,0,2,0.0
TXN00584,Business,Business,6600.21,23,14536.03,1,19,0,2,0.0
TXN00585,Personal,Business,864.55,45,5571.07,0,23,1,0,0.0
TXN00586,Business,Personal,1052.63,45,92.16,0,22,0,4,0.0
TXN00587,Personal,Personal,270.45,34,116.58,0,6,0,2,0.0
TXN00588,Business,Personal,564.01,9,2407.32,0,8,1,3,0.0
TXN00589,Personal,Business,290.85,24,20239.13,1,0,1,1,0.0
TXN00590,Personal,Business,846.05,8,33.28,0,5,1,3,0.0
TXN00591,Business,Personal,14293.54,7,2982.57,0,5,0,0,0.0
TXN00592,Personal,Business,140.07,36,2828.51,1,21,1,0,0.0
TXN00593,Business,Business,97.48,18,130180.28,0,11,1,3,0.0
TXN00594,Business,Business,9964.22,3,3751.67,0,21,1,4,0.0
TXN00595,Business,Business,801.12,28,17430.52,0,11,1,0,0.0
TXN00596,Personal,Business,401.98,6,10748.42,0,9,0,0,0.0
TXN00597,Personal,Personal,5217.94,44,114.3,1,22,1,3,0.0
TXN00598,Business,Business,442.12,44,37662.28,1,5,0,0,0.0
TXN00599,Business,Personal,16966.81,21,12466.41,0,16,1,4,0.0
TXN00600,Personal,Business,3031.73,28,22393.75,0,18,0,4,0.0
TXN00601,Business,Personal,527.49,40,20841888.98,1,17,0,4,0.0
TXN00602,Business,Business,27888.29,1,125.43,0,5,0,1,0.0
TXN00603,Business,Personal,442.05,36,255095.51,0,23,1,4,0.0
TXN00604,Personal,Business,3338.05,21,4560.12,0,18,0,4,0.0
TXN00605,Personal,Personal,1718.04,43,14395.31,0,9,1,1,0.0
TXN00606,Personal,Business,7728.05,35,7398.08,0,23,1,2,0.0
TXN00607,Business,Personal,11410.24,13,3468.67,0,7,1,0,0.0
TXN00608,Business,Business,1150.56,49,2592.39,0,20,1,4,0.0
TXN00609,Business,Personal,354.2,10,15662.39,0,23,1,0,0.0
TXN00610,Personal,Personal,2186.28,44,389.81,0,5,0,3,0.0
TXN00611,Business,Business,396.8,47,36357.59,1,20,1,0,0.0
TXN00612,Business,Business,22473.25,10,3524.91,1,6,0,1,0.0
TXN00613,Business,Personal,1345.88,46,845.44,1,23,0,0,0.0
TXN00614,Business,Business,633.98,13,3294.38,0,0,0,0,0.0
TXN00615,Personal,Personal,1446.67,37,100137.39,0,17,0,0,0.0
TXN00616,Personal,Personal,145.37,38,2777.56,1,23,0,2,0.0
TXN00617,Business,Personal,255.34,24,16595.84,0,19,0,2,0.0
TXN00618,Personal,Business,6638.36,2,1878.23,1,11,0,3,0.0
TXN00619,Personal,Personal,409.39,22,36895.46,0,15,1,1,0.0
TXN00620,Business,Personal,228.07,17,31920.88,1,9,0,0,0.0
TXN00621,Business,Business,2452.78,36,326837.27,1,9,1,0,0.0
TXN00622,Personal,Business,6493.5,14,5703.71,1,13,0,0,0.0
TXN00623,Business,Business,3224.17,10,30862.89,0,19,0,0,0.0
TXN00624,Personal,Business,4885.72,35,9858.95,1,9,0,2,0.0
TXN00625,Business,Personal,352.41,25,108200.75,0,9,0,3,0.0
TXN00626,Personal,Personal,129.97,3,1924.33,0,10,1,4,0.0
TXN00627,Business,Personal,10425.4,47,35954.54,0,22,1,1,0.0
TXN00628,Personal,Personal,675.86,38,5489.57,0,1,1,0,0.0
TXN00629,Personal,Business,752.76,17,7126.84,0,19,0,3,0.0
TXN00630,Personal,Personal,8040.86,12,9735.21,0,7,0,4,0.0
TXN00631,Business,Personal,2525.88,24,13419.72,0,22,0,3,0.0
TXN00632,Personal,Business,2172.93,29,6422.37,1,6,1,2,0.0
TXN00633,Personal,Personal,28212.02,43,12449.38,1,7,0,4,0.0
TXN00634,Business,Personal,417.68,25,190276.99,1,0,1,3,0.0
TXN00635,Business,Personal,4410.57,36,58156.87,0,20,1,2,0.0
TXN00636,Personal,Personal,1194.54,26,46088.06,0,1,0,3,0.0
TXN00637,Personal,Personal,1640.72,38,3258.17,0,17,0,3,0.0
TXN00638,Business,Personal,10858.49,1,1368.57,0,14,1,4,0.0
TXN00639,Business,Business,2349.02,20,54753.75,1,0,1,2,0.0
TXN00640,Business,Business,2458.84,28,46727.75,0,4,1,0,0.0
TXN00641,Business,Personal,5479.46,16,154097.59,1,1,0,1,0.0
TXN00642,Business,Personal,634.33,47,2421.25,0,19,0,4,0.0
TXN00643,Personal,Business,311.43,17,5119.96,1,2,0,2,0.0
TXN00644,Business,Personal,228.79,40,305.22,0,18,0,3,0.0
TXN00645,Personal,Personal,57.42,28,3696.19,1,17,0,2,0.0
TXN00646,Personal,Personal,23964.06,12,59464.87,0,21,0,1,0.0
TXN00647,Personal,Business,209.6,27,3187.55,1,17,1,1,0.0
TXN00648,Business,Personal,786.91,42,29171.85,0,13,1,0,0.0
TXN00649,Personal,Business,723.99,47,5535.81,1,23,1,0,0.0
TXN00650,Personal,Personal,1739.08,30,15492.54,1,7,0,1,0.0
TXN00651,Business,Business,3727.92,41,816.17,0,11,1,4,0.0
TXN00652,Personal,Business,3986.66,34,9608.65,1,20,0,4,0.0
TXN00653,Personal,Personal,457.32,37,20.44,0,9,0,3,0.0
TXN00654,Business,Business,768538.25,1,5575.89,1,22,0,0,1.0
TXN00655,Personal,Personal,1675.51,7,310.77,0,19,0,3,0.0
TXN00656,Personal,Business,755.19,32,90399.05,1,16,1,0,0.0
TXN00657,Personal,Personal,12222.31,32,38361.69,1,10,1,1,0.0
TXN00658,Business,Personal,2290.36,25,20606.09,0,1,0,4,0.0
TXN00659,Business,Business,3302.11,33,169738.19,0,3,1,4,0.0
TXN00660,Business,Personal,2964.08,7,1214.6,1,0,1,1,0.0
TXN00661,Personal,Personal,6375.46,12,266925.91,1,14,1,3,0.0
TXN00662,Personal,Business,1438.75,16,52280.73,1,12,1,3,0.0
TXN00663,Business,Personal,156.77,16,5048.72,0,7,0,2,0.0
TXN00664,Personal,Personal,1997.26,43,78530.34,0,3,1,0,0.0
TXN00665,Personal,Business,412.8,36,886.62,0,9,1,3,0.0
TXN00666,Business,Business,496.25,13,1557.71,0,18,1,1,0.0
TXN00667,Business,Personal,2642.67,7,2399.03,0,17,0,3,0.0
TXN00668,Personal,Personal,7026.36,36,2813.11,1,4,1,4,0.0
TXN00669,Personal,Business,1132.19,47,979.35,0,18,0,0,0.0
TXN00670,Personal,Business,1742.8,9,93542.03,1,22,1,2,0.0
TXN00671,Business,Personal,14091.43,32,4828.5,1,21,1,0,0.0
TXN00672,Business,Business,1573.61,11,16399.56,0,15,1,4,0.0
TXN00673,Business,Personal,54313.31,8,2589.7,1,0,0,4,0.0
TXN00674,Business,Personal,2561.29,33,212.47,0,11,0,4,0.0
TXN00675,Personal,Personal,78.17,23,13906.54,1,23,0,4,0.0
TXN00676,Business,Personal,3394.84,25,176.88,0,1,0,1,0.0
TXN00677,Business,Personal,1942.51,8,7063.75,0,20,0,2,0.0
TXN00678,Business,Business,7590.32,45,524.99,1,7,0,4,0.0
TXN00679,Business,Business,3010.23,22,431296.9,0,17,1,4,0.0
TXN00680,Business,Business,890.97,4,50147.58,1,15,0,3,0.0
TXN00681,Personal,Business,174.78,40,10011.68,0,4,1,2,0.0
TXN00682,Personal,Personal,801.48,3,101459.33,0,21,0,0,0.0
TXN00683,Business,Personal,306.19,29,1491.25,0,12,0,2,0.0
TXN00684,Personal,Personal,459.08,41,24027.61,1,18,0,2,0.0
TXN00685,Business,Personal,2651.47,29,12083.8,1,2,1,2,0.0
TXN00686,Business,Business,13424.77,34,13739.64,0,7,0,4,0.0
TXN00687,Personal,Personal,1982.29,34,103229.2,1,11,0,4,0.0
TXN00688,Personal,Personal,182.4,28,35065.89,0,1,1,1,0.0
TXN00689,Business,Business,2136.46,13,14435.52,1,10,1,0,0.0
TXN00690,Business,Business,6600.81,15,295.96,1,11,1,3,0.0
TXN00691,Business,Business,439.36,23,1187.86,0,17,1,2,0.0
TXN00692,Personal,Business,440068.76,3,6339.67,1,12,0,0,1.0
TXN00693,Business,Personal,1121.06,26,9766.81,0,4,1,0,0.0
TXN00694,Business,Personal,337.87,4,845.22,0,21,0,1,0.0
TXN00695,Business,Business,2899.87,26,1007873.63,0,11,0,3,0.0
TXN00696,Personal,Personal,914.68,40,168179.66,1,1,1,2,0.0
TXN00697,Business,Personal,2057.61,9,27017.41,1,4,0,3,0.0
TXN00698,Business,Personal,289.68,5,9358.81,0,6,1,1,0.0
TXN00699,Personal,Business,568.96,32,5300.64,0,23,0,4,0.0
TXN00700,Business,Personal,3240.79,20,1207.33,0,11,1,0,0.0
TXN00701,Business,Business,626.88,11,9461.26,1,15,1,2,0.0
TXN00702,Personal,Personal,14624.39,15,13568.48,0,22,1,4,0.0
TXN00703,Business,Personal,602.17,32,676.19,0,7,1,1,0.0
TXN00704,Personal,Personal,1536.14,28,15809.29,1,8,1,3,0.0
TXN00705,Personal,Business,4442.12,22,5940.1,1,14,1,0,0.0
TXN00706,Business,Personal,130.64,41,178.46,1,4,0,2,0.0
TXN00707,Business,Business,78.16,17,1449.87,1,12,0,4,0.0
TXN00708,Business,Business,111.22,26,3543.21,0,4,0,4,0.0
TXN00709,Business,Business,7287.21,44,353406.88,1,10,1,0,0.0
TXN00710,Personal,Personal,479.25,7,24664.15,1,9,0,3,0.0
TXN00711,Business,Personal,50883.75,42,560.62,0,19,1,1,0.0
TXN00712,Personal,Personal,470.42,26,21419.83,0,12,0,3,0.0
TXN00713,Business,Personal,1446.39,25,367.01,0,8,0,3,0.0
TXN00714,Business,Personal,218.54,134,39.02,1,20,1,3,1.0
TXN00715,Business,Business,22228.7,45,3158.18,0,13,0,0,0.0
TXN00716,Personal,Business,24155.21,19,6719.22,1,17,0,0,0.0
TXN00717,Business,Personal,6718.02,11,114874.25,1,14,0,1,0.0
TXN00718,Business,Business,5095.4,13,617.5,1,9,1,3,0.0
TXN00719,Business,Personal,2667.22,8,495.6,0,23,0,0,0.0
TXN00720,Business,Business,3524.67,40,2521.98,1,6,1,1,0.0
TXN00721,Personal,Personal,479.73,4,64650.93,0,7,0,1,0.0
TXN00722,Business,Personal,321.4,47,388.12,0,2,0,3,0.0
TXN00723,Personal,Business,1091.1,31,28.1,0,14,0,2,0.0
TXN00724,Personal,Business,849.56,28,3286.84,1,15,0,3,0.0
TXN00725,Personal,Business,555.66,11,24427.91,1,3,1,2,0.0
TXN00726,Personal,Business,3116.86,43,89368.5,1,20,0,1,0.0
TXN00727,Personal,Personal,4596.07,1,3208.88,0,5,1,0,0.0
TXN00728,Personal,Business,1252.14,49,3558.69,1,0,1,4,0.0
TXN00729,Business,Business,10059.73,47,81454.63,1,3,0,1,0.0
TXN00730,Personal,Business,197.84,38,192.58,1,10,0,0,0.0
TXN00731,Personal,Personal,820.17,24,3725.51,1,11,1,1,0.0
TXN00732,Personal,Personal,374.19,47,11859.06,1,4,1,3,0.0
TXN00733,Business,Personal,615.06,149,70.9,1,22,0,2,1.0
TXN00734,Business,Personal,968.72,41,2923.06,0,20,0,1,0.0
TXN00735,Personal,Business,913.59,46,8680.91,0,15,0,0,0.0
TXN00736,Business,Personal,10616.61,26,55.89,0,12,0,3,0.0
TXN00737,Personal,Personal,2824.87,49,2172.22,1,12,0,4,0.0
TXN00738,Personal,Personal,235.97,5,20070.72,0,16,1,3,0.0
TXN00739,Business,Personal,17696.8,20,1136.16,1,6,0,2,0.0
TXN00740,Personal,Business,6846.89,41,9117.66,0,7,0,3,0.0
TXN00741,Business,Business,2625.81,11,19806.1,0,12,1,4,0.0
TXN00742,Business,Business,780.76,33,4084.28,0,22,0,0,0.0
TXN00743,Personal,Personal,260.04,38,11394.97,1,15,0,1,0.0
TXN00744,Personal,Business,627.47,27,1181.49,1,3,1,2,0.0
TXN00745,Business,Business,5614.58,34,5360.31,0,7,0,4,0.0
TXN00746,Personal,Business,18525.06,15,27458.54,1,15,1,2,0.0
TXN00747,Personal,Personal,11101.83,32,11091.63,0,20,0,3,0.0
TXN00748,Personal,Personal,526.75,21,2507.24,0,9,0,2,0.0
TXN00749,Business,Personal,204.5,46,12688.26,0,11,0,4,0.0
TXN00750,Business,Business,1354.69,5,33833.94,1,11,1,1,0.0
TXN00751,Personal,Business,77.27,6,134.31,0,4,1,1,0.0
TXN00752,Business,Business,1780.68,38,82301.79,0,15,1,2,0.0
TXN00753,Business,Personal,878.83,22,4136.03,0,0,1,0,0.0
TXN00754,Business,Personal,304285.02,1,18976.94,1,8,0,0,1.0
TXN00755,Business,Business,100.28,14,88831.26,0,11,1,3,0.0
TXN00756,Business,Personal,2369.42,10,521.47,1,4,1,1,0.0
TXN00757,Personal,Personal,493.22,46,1960.82,0,21,1,1,0.0
TXN00758,Personal,Personal,189.64,13,4550.09,1,19,0,1,0.0
TXN00759,Personal,Personal,14.76,31,1690.02,0,21,0,0,0.0
TXN00760,Business,Business,1052.29,30,260373.69,0,23,1,0,0.0
TXN00761,Business,Personal,15652.37,3,1460.39,1,2,1,4,0.0
TXN00762,Personal,Personal,13251.8,30,2667.53,1,4,0,2,0.0
TXN00763,Business,Personal,552.45,6,12194.96,0,1,1,2,0.0
TXN00764,Personal,Personal,444.38,29,731.94,1,13,1,3,0.0
TXN00765,Personal,Business,2215.34,8,3672.54,0,1,1,1,0.0
TXN00766,Personal,Business,245.29,44,15289.27,0,12,1,0,0.0
TXN00767,Business,Personal,1724.49,45,4164.2,0,6,0,3,0.0
TXN00768,Business,Personal,3460.33,43,6722.57,1,9,0,3,0.0
TXN00769,Personal,Personal,6907.75,44,2811.11,0,12,0,0,0.0
TXN00770,Personal,Personal,943.66,33,391.92,1,15,1,2,0.0
TXN00771,Personal,Personal,807.94,17,15416.39,0,13,1,1,0.0
TXN00772,Personal,Personal,293.84,48,270997.84,1,10,0,2,0.0
TXN00773,Business,Business,317.25,11,8406.86,1,9,0,3,0.0
TXN00774,Business,Personal,780.77,13,12714.88,0,5,0,1,0.0
TXN00775,Personal,Business,1902.74,11,32384.83,1,3,1,4,0.0
TXN00776,Personal,Business,4317.26,31,639.92,0,20,0,3,0.0
TXN00777,Business,Personal,321.71,100,85.81,0,0,1,2,1.0
TXN00778,Business,Business,10291.08,44,12144.81,0,6,1,2,0.0
TXN00779,Personal,Business,730.2,6,211866.96,0,23,0,2,0.0
TXN00780,Personal,Business,1062.04,41,1870.45,0,8,0,0,0.0
TXN00781,Personal,Business,357.52,16,307467.25,1,7,1,3,0.0
TXN00782,Business,Business,28.89,4,38189.31,0,4,0,1,0.0
TXN00783,Business,Business,4130.15,35,24491.47,1,18,0,2,0.0
TXN00784,Business,Personal,3311.86,48,12939.62,1,9,1,2,0.0
TXN00785,Personal,Business,719.11,26,4929.25,0,10,1,0,0.0
TXN00786,Personal,Business,1212.56,12,89416.75,1,14,1,1,0.0
TXN00787,Business,Business,2377.75,11,10729.15,0,5,1,3,0.0
TXN00788,Business,Personal,105.23,37,158.52,1,14,1,4,0.0
TXN00789,Personal,Business,495.92,25,867.51,1,4,0,0,0.0
TXN00790,Business,Personal,3609.76,18,5587.62,1,18,1,3,0.0
TXN00791,Business,Business,167.1,19,15063.02,0,21,1,4,0.0
TXN00792,Personal,Personal,1703.32,23,7235.99,1,18,1,2,0.0
TXN00793,Business,Personal,143.33,38,92775.84,0,9,0,2,0.0
TXN00794,Personal,Business,2207.56,18,163.66,1,11,1,1,0.0
TXN00795,Personal,Business,1039.54,26,10798.64,1,21,1,4,0.0
TXN00796,Personal,Personal,97.25,6,213.59,1,3,1,2,0.0
TXN00797,Personal,Business,6292.47,4,37027.81,1,17,0,2,0.0
TXN00798,Personal,Personal,364.35,44,6708.18,0,15,1,1,0.0
TXN00799,Personal,Personal,325.26,29,18755.08,0,7,1,3,0.0
TXN00800,Personal,Personal,1481.56,34,1439.76,1,3,1,2,0.0
TXN00801,Business,Personal,6142.31,17,104707.9,1,22,0,0,0.0
TXN00802,Personal,Personal,238.95,43,65085.0,0,11,0,0,0.0
TXN00803,Personal,Business,1202.94,43,26032.18,0,1,0,3,0.0
TXN00804,Business,Personal,2086.46,16,6253.93,0,3,0,4,0.0
TXN00805,Business,Personal,3101.55,2,25840.92,0,4,1,1,0.0
TXN00806,Business,Business,1428.9,34,1970.84,1,2,1,0,0.0
TXN00807,Personal,Personal,632.36,8,44851.46,1,8,0,0,0.0
TXN00808,Business,Business,316.91,13,219468.02,0,20,0,3,0.0
TXN00809,Personal,Business,1247.9,42,68955.81,0,17,1,4,0.0
TXN00810,Personal,Business,219.6,8,1883.33,0,10,1,4,0.0
TXN00811,Personal,Personal,13.71,30,16694.5,0,2,0,3,0.0
TXN00812,Personal,Personal,2110.84,32,610.16,0,22,0,0,0.0
TXN00813,Business,Personal,4255.22,36,25457.88,0,1,0,1,0.0
TXN00814,Business,Business,31.68,47,19954.44,1,8,0,0,0.0
TXN00815,Personal,Personal,241.15,30,192.55,1,13,1,4,0.0
TXN00816,Personal,Business,2775.9,1,793.48,1,3,0,0,0.0
TXN00817,Personal,Personal,24010.42,43,4599.59,0,8,0,1,0.0
TXN00818,Business,Business,1131.38,39,4439.43,0,12,1,2,0.0
TXN00819,Personal,Personal,367.97,17,721.29,0,17,1,0,0.0
TXN00820,Personal,Personal,833.52,20,17640.58,1,14,1,3,0.0
TXN00821,Business,Personal,8624.09,24,13399.16,0,9,1,2,0.0
TXN00822,Business,Business,416.15,22,5494.27,0,15,1,3,0.0
TXN00823,Personal,Business,330.7,29,1787.22,1,11,0,3,0.0
TXN00824,Business,Personal,531.6,22,66000.28,0,19,0,3,0.0
TXN00825,Business,Personal,262.44,44,222084.72,1,4,0,0,0.0
TXN00826,Personal,Business,1318.18,9,3080.59,1,1,1,4,0.0
TXN00827,Business,Business,12544.25,37,2381.93,0,9,0,2,0.0
TXN00828,Business,Personal,236.78,80,442.35,0,0,1,1,1.0
TXN00829,Business,Personal,751.05,36,3959.77,0,6,0,4,0.0
TXN00830,Personal,Business,707.89,37,6131.57,1,16,0,0,0.0
TXN00831,Personal,Personal,105.13,28,35571.72,0,15,1,3,0.0
TXN00832,Personal,Business,4124.35,28,177.91,1,23,1,1,0.0
TXN00833,Business,Personal,975.79,42,113165.28,0,2,0,2,0.0
TXN00834,Personal,Business,836.54,43,9370.87,1,13,0,4,0.0
TXN00835,Business,Business,131881.8,21,3558.21,1,9,0,4,0.0
TXN00836,Personal,Business,1716.65,24,6778.64,1,21,0,1,0.0
TXN00837,Personal,Business,355.07,42,7516.52,0,6,0,0,0.0
TXN00838,Business,Business,578.51,40,254.07,0,16,1,2,0.0
TXN00839,Personal,Personal,6140.54,2,161115.45,1,5,1,1,0.0
TXN00840,Personal,Business,1299.72,8,8801.27,0,22,1,3,0.0
TXN00841,Business,Business,126.8,48,19653.37,1,21,1,2,0.0
TXN00842,Personal,Business,4353.97,27,54344.55,0,3,0,4,0.0
TXN00843,Personal,Personal,402.54,22,1051.19,1,16,0,1,0.0
TXN00844,Personal,Business,18214.02,37,20888.29,0,8,1,4,0.0
TXN00845,Personal,Personal,5541.79,27,4744.39,1,3,0,4,0.0
TXN00846,Business,Business,560.61,29,44070.31,1,6,1,4,0.0
TXN00847,Business,Business,7491.5,3,115.07,1,22,0,0,0.0
TXN00848,Personal,Personal,1214.13,44,6646.27,1,1,0,4,0.0
TXN00849,Business,Business,3940.88,13,2426.87,0,16,0,3,0.0
TXN00850,Personal,Personal,2269.01,45,19235.75,1,23,1,3,0.0
TXN00851,Business,Personal,308.11,10,20745.58,0,7,1,2,0.0
TXN00852,Personal,Business,417.66,36,1967.95,0,22,1,4,0.0
TXN00853,Personal,Personal,5140.68,9,1950.13,1,14,1,4,0.0
TXN00854,Personal,Business,663.7,27,6494.23,0,14,0,1,0.0
TXN00855,Personal,Business,598.56,34,1348.46,0,7,0,0,0.0
TXN00856,Personal,Personal,261.73,1,43650.39,0,15,0,2,0.0
TXN00857,Personal,Personal,2070.2,32,3872.23,1,18,0,4,0.0
TXN00858,Business,Personal,24192.24,25,24.19,0,10,1,1,0.0
TXN00859,Personal,Personal,221.12,29,3828.99,0,1,0,0,0.0
TXN00860,Business,Business,1137.21,7,1015.27,1,22,0,2,0.0
TXN00861,Personal,Business,9120.96,49,310.27,1,23,0,2,0.0
TXN00862,Business,Personal,973.15,3,682.08,0,16,1,4,0.0
TXN00863,Business,Business,2161.5,20,10085.13,1,15,1,2,0.0
TXN00864,Business,Business,222.83,20,115529.55,0,14,1,1,0.0
TXN00865,Personal,Business,2084.87,30,15159.29,0,12,0,2,0.0
TXN00866,Personal,Business,828.22,35,2409.06,0,14,1,3,0.0
TXN00867,Business,Personal,4810.69,35,20167.11,1,3,0,1,0.0
TXN00868,Personal,Personal,6509.9,49,3235.11,0,15,0,0,0.0
TXN00869,Business,Business,53334.86,39,2019.89,1,11,0,0,0.0
TXN00870,Personal,Personal,2616.13,27,805.35,1,3,1,4,0.0
TXN00871,Business,Personal,1787.72,26,243.8,0,2,1,4,0.0
TXN00872,Business,Personal,1467.88,14,3715.07,1,21,0,3,0.0
TXN00873,Personal,Business,645.65,17,11115.62,1,16,0,0,0.0
TXN00874,Business,Business,1822.07,18,6679.19,1,21,1,0,0.0
TXN00875,Personal,Business,704.08,45,3526.52,1,17,1,0,0.0
TXN00876,Business,Personal,1411.9,29,1222.32,1,17,1,0,0.0
TXN00877,Business,Business,7914.06,20,27350.56,0,22,0,2,0.0
TXN00878,Personal,Business,242.3,27,581.57,1,16,0,1,0.0
TXN00879,Personal,Personal,6062.14,18,38256.01,0,11,0,1,0.0
TXN00880,Personal,Business,7908.34,4,1091.78,0,22,1,3,0.0
TXN00881,Business,Business,918.64,1,1799.26,0,20,1,2,0.0
TXN00882,Personal,Personal,45.48,1,431.14,0,23,1,0,0.0
TXN00883,Business,Personal,440.66,26,2972.61,0,3,0,0,0.0
TXN00884,Business,Personal,7673.22,45,56989.65,0,11,0,4,0.0
TXN00885,Personal,Business,1059.65,20,22725.8,1,22,1,4,0.0
TXN00886,Personal,Business,244.95,23,57345.19,1,21,0,3,0.0
TXN00887,Business,Business,514.32,10,23023.83,1,20,1,0,0.0
TXN00888,Business,Personal,3869.69,11,891.28,0,19,0,3,0.0
TXN00889,Personal,Personal,2490.16,41,4181.48,1,14,1,2,0.0
TXN00890,Personal,Business,766.32,41,1702.07,1,22,0,1,0.0
TXN00891,Personal,Business,632.55,5,115977.31,1,15,0,0,0.0
TXN00892,Personal,Personal,609.33,1,739.83,0,4,1,2,0.0
TXN00893,Personal,Personal,274.89,17,48406.79,1,20,1,0,0.0
TXN00894,Business,Personal,12370.42,22,48334.83,0,14,1,4,0.0
TXN00895,Business,Personal,676.22,34,314657.62,1,16,1,3,0.0
TXN00896,Business,Business,6807.21,45,3571.09,0,17,1,4,0.0
TXN00897,Business,Personal,10742.62,41,33679.49,0,4,0,1,0.0
TXN00898,Personal,Business,4902.33,29,777083.95,0,12,1,4,0.0
TXN00899,Personal,Business,573.97,4,2355.99,1,18,1,0,0.0
TXN00900,Personal,Business,2009.41,5,376.12,1,12,1,4,0.0
TXN00901,Business,Personal,1057.55,11,188.67,0,17,0,0,0.0
TXN00902,Business,Personal,282.72,21,33705.76,1,13,1,1,0.0
TXN00903,Personal,Personal,1783.87,35,187.49,0,3,1,4,0.0
TXN00904,Personal,Personal,187.06,12,3848.2,0,3,1,3,0.0
TXN00905,Business,Business,6512.76,26,19431.03,1,19,0,3,0.0
TXN00906,Business,Personal,546.25,19,11735.23,1,19,0,3,0.0
TXN00907,Personal,Personal,1482.88,45,18975.23,1,18,1,4,0.0
TXN00908,Personal,Business,1677.29,7,12639.47,0,12,0,4,0.0
TXN00909,Business,Personal,743.7,47,104582.51,0,11,1,4,0.0
TXN00910,Personal,Business,2643.98,7,1206.37,1,6,0,0,0.0
TXN00911,Personal,Business,537.88,26,2092.28,0,11,1,1,0.0
TXN00912,Personal,Business,4051.92,40,1727.93,1,20,0,3,0.0
TXN00913,Business,Business,903667.07,3,42632.99,1,3,0,0,1.0
TXN00914,Business,Business,1325.53,21,49059.89,1,1,1,3,0.0
TXN00915,Business,Business,20098.36,14,19979.27,1,1,0,0,0.0
TXN00916,Business,Business,244.57,4,86421.12,0,4,1,4,0.0
TXN00917,Business,Business,396.78,23,768.1,1,22,1,3,0.0
TXN00918,Business,Personal,2370.51,42,227395.99,1,9,1,4,0.0
TXN00919,Business,Personal,1435.65,20,170497.73,0,9,1,3,0.0
TXN00920,Personal,Personal,1855.57,15,35286.09,1,8,0,2,0.0
TXN00921,Personal,Personal,2284.22,45,285957.31,0,12,1,0,0.0
TXN00922,Personal,Business,2841.49,29,294.93,1,6,0,2,0.0
TXN00923,Personal,Personal,5793.84,8,2838.71,0,4,0,0,0.0
TXN00924,Personal,Business,2027.84,41,1861.98,1,9,0,1,0.0
TXN00925,Personal,Personal,763.65,48,34301.99,1,9,0,3,0.0
TXN00926,Personal,Personal,3007.49,19,992.0,1,5,1,1,0.0
TXN00927,Business,Personal,18955.0,48,36863.98,1,18,1,1,0.0
TXN00928,Business,Business,898.79,39,125626.98,0,20,0,0,0.0
TXN00929,Personal,Personal,254.22,46,32545.87,0,7,1,2,0.0
TXN00930,Personal,Business,5771.12,28,14292.67,0,0,0,4,0.0
TXN00931,Business,Business,915.46,46,1123.56,0,16,1,0,0.0
TXN00932,Personal,Personal,42.14,27,1489.65,0,6,1,4,0.0
TXN00933,Personal,Personal,3909.37,4,98640.56,0,13,1,1,0.0
TXN00934,Business,Personal,491.28,15,38510.95,0,20,0,4,0.0
TXN00935,Personal,Business,957.38,35,7494.77,1,20,0,2,0.0
TXN00936,Business,Personal,1804.38,37,3512.84,1,16,1,0,0.0
TXN00937,Personal,Business,1459.35,1,140.95,1,8,0,2,0.0
TXN00938,Business,Business,3178.54,3,951.74,1,16,0,2,0.0
TXN00939,Business,Personal,570.65,47,370585.02,0,4,1,0,0.0
TXN00940,Business,Personal,2367.66,24,625.84,0,19,0,2,0.0
TXN00941,Personal,Business,742.99,27,11836.69,0,7,1,3,0.0
TXN00942,Business,Business,3321.65,40,60772.21,1,5,1,3,0.0
TXN00943,Personal,Business,2760.18,36,658.63,0,10,1,3,0.0
TXN00944,Personal,Personal,269.57,34,11724.32,1,18,0,4,0.0
TXN00945,Personal,Business,5591.33,29,52882.68,0,3,1,2,0.0
TXN00946,Personal,Personal,490.81,24,8308.2,0,17,1,0,0.0
TXN00947,Business,Business,3685.22,24,2512543.42,0,0,0,0,0.0
TXN00948,Business,Business,1902.51,42,287.95,0,12,0,4,0.0
TXN00949,Personal,Personal,17279.49,4,67336.46,1,13,0,0,0.0
TXN00950,Personal,Business,784.31,3,5735.31,1,23,0,3,0.0
TXN00951,Business,Personal,649.38,34,37943.0,0,0,1,2,0.0
TXN00952,Personal,Personal,1065.15,49,19586.86,1,10,0,0,0.0
TXN00953,Business,Business,695.92,23,1869.99,0,16,0,0,0.0
TXN00954,Personal,Personal,3640.63,23,12810.15,0,3,0,1,0.0
TXN00955,Personal,Personal,97.08,45,197.2,0,11,0,1,0.0
TXN00956,Business,Business,225.76,5,27078.49,0,9,1,1,0.0
TXN00957,Personal,Personal,221.03,31,14710.5,1,5,0,2,0.0
TXN00958,Business,Personal,4561.75,41,29065.88,0,0,1,3,0.0
TXN00959,Personal,Personal,14270.08,6,67254.33,0,6,0,3,0.0
TXN00960,Personal,Business,937.6,37,16902.89,1,20,1,3,0.0
TXN00961,Personal,Personal,851.3,10,10896.3,0,15,1,2,0.0
TXN00962,Business,Business,1218.14,40,1391.12,1,23,0,2,0.0
TXN00963,Personal,Business,6265.52,7,1949.95,0,13,1,1,0.0
TXN00964,Personal,Personal,272.86,39,86983.11,0,22,0,0,0.0
TXN00965,Personal,Personal,1568.0,38,143296.45,0,19,1,4,0.0
TXN00966,Personal,Personal,4735.28,21,5033.04,0,19,1,4,0.0
TXN00967,Business,Business,2325.39,20,8883.98,0,5,1,0,0.0
TXN00968,Business,Personal,1457.35,3,1327.13,0,21,0,1,0.0
TXN00969,Personal,Personal,4922.49,22,84585.12,1,4,1,0,0.0
TXN00970,Business,Personal,19.01,47,30663.66,0,23,0,0,0.0
TXN00971,Personal,Personal,3031.5,4,393342.05,1,20,1,4,0.0
TXN00972,Personal,Personal,411.12,28,1398.78,1,17,1,1,0.0
TXN00973,Personal,Business,70.39,12,3804.67,0,14,1,2,0.0
TXN00974,Business,Business,2360.91,38,12873.06,1,5,1,4,0.0
TXN00975,Business,Personal,8608.35,36,29524.6,0,18,1,2,0.0
TXN00976,Business,Personal,892.32,47,5264.1,1,0,1,1,0.0
TXN00977,Business,Personal,4579.35,41,1413.86,0,0,0,0,0.0
TXN00978,Business,Personal,12313.08,5,47231.44,1,12,0,3,0.0
TXN00979,Business,Business,7882.27,13,34278.4,1,2,0,3,0.0
TXN00980,Business,Personal,12835.2,23,1296.54,0,9,1,1,0.0
TXN00981,Business,Business,3338.21,30,121891.38,1,20,0,3,0.0
TXN00982,Business,Business,1228.01,37,84153.47,0,2,1,2,0.0
TXN00983,Personal,Personal,99.19,25,10599.83,0,8,0,3,0.0
TXN00984,Business,Business,758.17,48,9501.41,0,7,0,1,0.0
TXN00985,Business,Business,309.55,27,24541.37,0,2,1,1,0.0
TXN00986,Business,Business,28464.53,14,1446.05,0,12,1,2,0.0
TXN00987,Business,Business,842.33,48,8604.69,1,5,0,3,0.0
TXN00988,Business,Personal,1319.23,47,109.42,1,12,0,3,0.0
TXN00989,Business,Personal,2507.97,36,46765.98,1,22,0,0,0.0
TXN00990,Business,Business,1170.75,39,356.74,0,19,0,4,0.0
TXN00991,Business,Personal,13940.82,16,163871.79,1,19,1,1,0.0
TXN00992,Business,Personal,430.96,22,4187.08,1,11,0,0,0.0
TXN00993,Business,Personal,1468.37,21,5306.38,1,12,1,1,0.0
TXN00994,Business,Personal,360.07,21,2308.91,1,1,1,0,0.0
TXN00995,Personal,Personal,151.41,8,4554.73,1,20,0,4,0.0
TXN00996,Personal,Business,438.06,49,138283.71,0,23,1,0,0.0
TXN00997,Business,Personal,1037.37,16,55.95,0,22,0,1,0.0
TXN00998,Business,Personal,575.96,31,104185.76,1,15,1,3,0.0
TXN00999,Personal,Personal,388.14,42,15931.39,0,22,1,1,0.0
